-- phpMyAdmin SQL Dump
-- version 4.1.12
-- http://www.phpmyadmin.net
--
-- Servidor: localhost
-- Tiempo de generación: 14-05-2015 a las 00:06:55
-- Versión del servidor: 5.6.16
-- Versión de PHP: 5.5.11

SET SQL_MODE = "NO_AUTO_VALUE_ON_ZERO";
SET time_zone = "+00:00";


/*!40101 SET @OLD_CHARACTER_SET_CLIENT=@@CHARACTER_SET_CLIENT */;
/*!40101 SET @OLD_CHARACTER_SET_RESULTS=@@CHARACTER_SET_RESULTS */;
/*!40101 SET @OLD_COLLATION_CONNECTION=@@COLLATION_CONNECTION */;
/*!40101 SET NAMES utf8 */;

--
-- Base de datos: `silex_horizonte`
--

-- --------------------------------------------------------

--
-- Estructura de tabla para la tabla `categories`
--

CREATE TABLE IF NOT EXISTS `categories` (
  `id` int(255) NOT NULL AUTO_INCREMENT,
  `name` varchar(255) COLLATE utf8_spanish2_ci NOT NULL,
  `created` datetime NOT NULL,
  `updated` timestamp NOT NULL DEFAULT CURRENT_TIMESTAMP ON UPDATE CURRENT_TIMESTAMP,
  PRIMARY KEY (`id`),
  UNIQUE KEY `name` (`name`)
) ENGINE=MyISAM  DEFAULT CHARSET=utf8 COLLATE=utf8_spanish2_ci AUTO_INCREMENT=14 ;

--
-- Volcado de datos para la tabla `categories`
--

INSERT INTO `categories` (`id`, `name`, `created`, `updated`) VALUES
(6, 'Chemise', '2014-07-24 18:11:19', '2014-07-24 22:37:39'),
(7, 'Mono', '2014-07-24 18:11:37', '2014-07-24 22:37:58'),
(8, 'Gabardina', '2014-07-24 18:11:59', '2014-07-24 18:11:59'),
(9, 'Chaqueta', '2014-07-24 18:12:56', '2014-07-24 22:37:29'),
(10, 'Franela', '2014-07-24 21:40:30', '2014-07-24 22:37:48'),
(11, 'Suéter', '2014-07-24 22:37:13', '2014-07-24 22:37:13'),
(12, 'Falda', '2014-07-24 23:36:18', '2014-07-24 23:36:18'),
(13, 'Pantalón', '2014-07-24 23:47:45', '2014-07-24 23:47:45');

-- --------------------------------------------------------

--
-- Estructura de tabla para la tabla `colors`
--

CREATE TABLE IF NOT EXISTS `colors` (
  `id` int(255) NOT NULL AUTO_INCREMENT,
  `product_id` int(255) NOT NULL,
  `name` varchar(100) NOT NULL,
  `color_hex` varchar(7) NOT NULL,
  `created` datetime NOT NULL,
  `updated` timestamp NOT NULL DEFAULT CURRENT_TIMESTAMP ON UPDATE CURRENT_TIMESTAMP,
  PRIMARY KEY (`id`),
  KEY `product_id` (`product_id`)
) ENGINE=MyISAM  DEFAULT CHARSET=latin1 AUTO_INCREMENT=89 ;

--
-- Volcado de datos para la tabla `colors`
--

INSERT INTO `colors` (`id`, `product_id`, `name`, `color_hex`, `created`, `updated`) VALUES
(2, 5, 'Blanco', '#ffffff', '0000-00-00 00:00:00', '2014-07-24 18:19:23'),
(3, 6, 'Blanco', '#ffffff', '0000-00-00 00:00:00', '2014-07-24 18:26:30'),
(4, 8, 'Azul', '#50afcd', '0000-00-00 00:00:00', '2014-07-24 18:31:45'),
(5, 8, 'Beige', '#f7f7b5', '0000-00-00 00:00:00', '2014-07-24 18:33:45'),
(6, 34, 'Rojo', '#d70202', '0000-00-00 00:00:00', '2014-07-24 22:15:48'),
(7, 34, 'Blanco', '#ffffff', '0000-00-00 00:00:00', '2014-07-24 22:16:06'),
(8, 34, 'Amarillo', '#ffea07', '0000-00-00 00:00:00', '2014-07-24 22:16:31'),
(9, 47, 'Azul marino', '#000425', '0000-00-00 00:00:00', '2014-07-24 23:43:56'),
(40, 56, 'Azul marino', '#000514', '0000-00-00 00:00:00', '2014-08-06 20:29:08'),
(11, 54, 'Azul marino', '#101226', '0000-00-00 00:00:00', '2014-07-25 00:00:19'),
(12, 55, 'Azul marino', '#101226', '0000-00-00 00:00:00', '2014-07-25 00:23:38'),
(13, 24, 'Blanco', '#ffffff', '0000-00-00 00:00:00', '2014-08-06 19:00:43'),
(14, 25, 'Blanco', '#ffffff', '0000-00-00 00:00:00', '2014-08-06 19:45:48'),
(15, 26, 'Blanco', '#ffffff', '0000-00-00 00:00:00', '2014-08-06 19:46:30'),
(16, 27, 'Amarillo', '#d8d715', '0000-00-00 00:00:00', '2014-08-07 18:45:54'),
(17, 28, 'Rojo', '#840000', '0000-00-00 00:00:00', '2014-08-07 18:45:16'),
(18, 29, 'Blanco', '#ffffff', '0000-00-00 00:00:00', '2014-08-06 19:49:51'),
(19, 30, 'Blanco', '#ffffff', '0000-00-00 00:00:00', '2014-08-06 19:51:24'),
(20, 31, 'Blanco', '#ffffff', '0000-00-00 00:00:00', '2014-08-06 19:51:36'),
(21, 32, 'Beige', '#e6cfa5', '0000-00-00 00:00:00', '2014-08-06 19:53:06'),
(22, 33, 'Beige', '#e6cfa5', '0000-00-00 00:00:00', '2014-08-06 19:53:25'),
(23, 32, 'Azul celeste', '#b0e0e6', '0000-00-00 00:00:00', '2014-08-06 19:55:16'),
(24, 33, 'Azul celeste', '#b0e0e6', '0000-00-00 00:00:00', '2014-08-06 19:55:27'),
(25, 38, 'Azul marino', '#000514', '0000-00-00 00:00:00', '2014-08-06 19:56:18'),
(26, 39, 'Azul marino', '#000514', '0000-00-00 00:00:00', '2014-08-06 19:56:38'),
(27, 40, 'Azul marino', '#000514', '0000-00-00 00:00:00', '2014-08-06 19:56:57'),
(28, 41, 'Azul marino', '#030f32', '0000-00-00 00:00:00', '2014-08-06 19:57:34'),
(29, 42, 'Azul marino', '#030f32', '0000-00-00 00:00:00', '2014-08-06 19:57:45'),
(30, 43, 'Azul marino', '#030f32', '0000-00-00 00:00:00', '2014-08-06 19:57:56'),
(31, 44, 'Azul marino', '#030f32', '0000-00-00 00:00:00', '2014-08-06 19:58:15'),
(32, 45, 'Azul marino', '#000514', '0000-00-00 00:00:00', '2014-08-06 20:22:29'),
(33, 46, 'Azul marino', '#000514', '0000-00-00 00:00:00', '2014-08-06 20:22:39'),
(34, 49, 'Azul marino', '#000514', '0000-00-00 00:00:00', '2014-08-06 20:23:44'),
(35, 48, 'Azul marino', '#000514', '0000-00-00 00:00:00', '2014-08-06 20:23:49'),
(36, 50, 'Azul marino', '#000514', '0000-00-00 00:00:00', '2014-08-06 20:24:22'),
(37, 51, 'Azul marino', '#000514', '0000-00-00 00:00:00', '2014-08-06 20:24:31'),
(38, 52, 'Azul marino', '#000514', '0000-00-00 00:00:00', '2014-08-06 20:24:41'),
(39, 53, 'Azul marino', '#000514', '0000-00-00 00:00:00', '2014-08-06 20:24:51'),
(41, 57, 'Azul marino', '#000514', '0000-00-00 00:00:00', '2014-08-06 20:29:20'),
(42, 58, 'Azul marino', '#000514', '0000-00-00 00:00:00', '2014-08-06 20:29:38'),
(43, 7, 'Blanco', '#ffffff', '0000-00-00 00:00:00', '2014-08-06 20:31:43'),
(44, 9, 'Azul celeste', '#50afcd', '0000-00-00 00:00:00', '2014-08-06 20:33:41'),
(45, 9, 'Beige', '#f7f7b5', '0000-00-00 00:00:00', '2014-08-06 20:33:58'),
(46, 10, 'Blanco', '#ffffff', '0000-00-00 00:00:00', '2014-08-06 20:37:38'),
(47, 11, 'Blanco', '#ffffff', '0000-00-00 00:00:00', '2014-08-06 20:37:48'),
(48, 12, 'Azul marino', '#000514', '0000-00-00 00:00:00', '2014-08-06 20:38:40'),
(49, 13, 'Azul marino', '#000514', '0000-00-00 00:00:00', '2014-08-06 20:38:53'),
(50, 14, 'Azul marino', '#000514', '0000-00-00 00:00:00', '2014-08-06 20:39:22'),
(51, 15, 'Azul marino', '#000514', '0000-00-00 00:00:00', '2014-08-06 20:39:34'),
(52, 16, 'Azul marino', '#000514', '0000-00-00 00:00:00', '2014-08-06 20:40:08'),
(53, 17, 'Azul marino', '#000514', '0000-00-00 00:00:00', '2014-08-06 20:40:18'),
(54, 18, 'Azul marino', '#000514', '0000-00-00 00:00:00', '2014-08-06 20:40:35'),
(55, 19, 'Azul marino', '#000514', '0000-00-00 00:00:00', '2014-08-06 20:40:47'),
(56, 20, 'Azul marino', '#000514', '0000-00-00 00:00:00', '2014-08-06 20:41:39'),
(57, 21, 'Azul marino', '#000514', '0000-00-00 00:00:00', '2014-08-06 20:42:34'),
(58, 22, 'Azul marino', '#000514', '0000-00-00 00:00:00', '2014-08-06 20:44:51'),
(59, 23, 'Azul marino', '#000514', '0000-00-00 00:00:00', '2014-08-06 20:45:19'),
(60, 59, 'Azul marino', '#000514', '0000-00-00 00:00:00', '2014-08-06 20:45:44'),
(61, 60, 'Azul marino', '#000514', '0000-00-00 00:00:00', '2014-08-06 20:45:50'),
(62, 61, 'Azul marino', '#000514', '0000-00-00 00:00:00', '2014-08-06 20:46:00'),
(63, 62, 'Azul marino', '#000514', '0000-00-00 00:00:00', '2014-08-06 20:46:15'),
(64, 63, 'Azul marino', '#000514', '0000-00-00 00:00:00', '2014-08-06 20:46:26'),
(65, 64, 'Azul marino', '#000514', '0000-00-00 00:00:00', '2014-08-06 20:46:36'),
(66, 65, 'Azul marino', '#000514', '0000-00-00 00:00:00', '2014-08-06 20:47:31'),
(67, 66, 'Azul marino', '#000514', '0000-00-00 00:00:00', '2014-08-06 20:48:07'),
(68, 67, 'Azul marino', '#000514', '0000-00-00 00:00:00', '2014-08-06 20:50:45'),
(69, 68, 'Azul marino', '#000514', '0000-00-00 00:00:00', '2014-08-06 20:50:51'),
(70, 69, 'Azul marino', '#000514', '0000-00-00 00:00:00', '2014-08-06 20:50:59'),
(71, 70, 'Azul marino', '#000514', '0000-00-00 00:00:00', '2014-08-06 20:51:06'),
(72, 71, 'Azul marino', '#000514', '0000-00-00 00:00:00', '2014-08-06 20:51:15'),
(73, 72, 'Azul marino', '#000514', '0000-00-00 00:00:00', '2014-08-06 20:51:22'),
(74, 73, 'Azul marino', '#000514', '0000-00-00 00:00:00', '2014-08-06 20:51:29'),
(75, 74, 'Azul marino', '#000514', '0000-00-00 00:00:00', '2014-08-06 20:51:41'),
(76, 75, 'Azul marino', '#000514', '0000-00-00 00:00:00', '2014-08-06 20:52:34'),
(77, 76, 'Azul marino', '#000514', '0000-00-00 00:00:00', '2014-08-06 20:52:44'),
(78, 77, 'Azul marino', '#000514', '0000-00-00 00:00:00', '2014-08-06 20:53:35'),
(79, 78, 'Azul marino', '#000514', '0000-00-00 00:00:00', '2014-08-06 20:53:48'),
(80, 79, 'Azul marino', '#000514', '0000-00-00 00:00:00', '2014-08-06 20:53:59'),
(81, 80, 'Azul marino', '#000514', '0000-00-00 00:00:00', '2014-08-06 20:54:11'),
(82, 81, 'Azul marino', '#000514', '0000-00-00 00:00:00', '2014-08-06 20:54:27'),
(83, 82, 'Azul marino', '#000514', '0000-00-00 00:00:00', '2014-08-06 20:54:35'),
(84, 7, 'Azul celeste', '#b0e0e6', '0000-00-00 00:00:00', '2014-08-06 21:52:20'),
(85, 7, 'Beige', '#e6cfa5', '0000-00-00 00:00:00', '2014-08-06 21:52:36'),
(86, 37, 'Rojo', '#840000', '0000-00-00 00:00:00', '2014-08-07 18:43:10'),
(87, 36, 'Rojo', '#840000', '0000-00-00 00:00:00', '2014-08-07 18:43:30'),
(88, 35, 'Rojo', '#840000', '0000-00-00 00:00:00', '2014-08-07 18:43:41');

-- --------------------------------------------------------

--
-- Estructura de tabla para la tabla `estatus`
--

CREATE TABLE IF NOT EXISTS `estatus` (
  `id` int(255) NOT NULL AUTO_INCREMENT,
  `name` varchar(50) COLLATE utf8_spanish2_ci NOT NULL,
  PRIMARY KEY (`id`)
) ENGINE=MyISAM  DEFAULT CHARSET=utf8 COLLATE=utf8_spanish2_ci AUTO_INCREMENT=4 ;

--
-- Volcado de datos para la tabla `estatus`
--

INSERT INTO `estatus` (`id`, `name`) VALUES
(1, 'Activo'),
(2, 'Inactivo'),
(3, 'Eliminado');

-- --------------------------------------------------------

--
-- Estructura de tabla para la tabla `image`
--

CREATE TABLE IF NOT EXISTS `image` (
  `id` int(255) NOT NULL AUTO_INCREMENT,
  `name` varchar(255) COLLATE utf8_spanish2_ci NOT NULL,
  `link` text COLLATE utf8_spanish2_ci NOT NULL,
  `image` mediumtext COLLATE utf8_spanish2_ci NOT NULL,
  `created` datetime NOT NULL,
  `updated` timestamp NOT NULL DEFAULT CURRENT_TIMESTAMP ON UPDATE CURRENT_TIMESTAMP,
  PRIMARY KEY (`id`)
) ENGINE=MyISAM  DEFAULT CHARSET=utf8 COLLATE=utf8_spanish2_ci AUTO_INCREMENT=39 ;

--
-- Volcado de datos para la tabla `image`
--

INSERT INTO `image` (`id`, `name`, `link`, `image`, `created`, `updated`) VALUES
(4, '1.png', 'http://horizonte.net.ve/web/uploads/24-07-2014/1.png', '', '2014-07-24 18:07:39', '2015-05-14 02:22:01'),
(5, '6.png', 'http://horizonte.net.ve/web/uploads/24-07-2014/6.png', '', '2014-07-24 18:07:46', '2015-05-14 02:22:01'),
(6, '8.png', 'http://horizonte.net.ve/web/uploads/24-07-2014/8.png', '', '2014-07-24 18:07:53', '2015-05-14 02:22:01'),
(7, '9.png', 'http://horizonte.net.ve/web/uploads/24-07-2014/9.png', '', '2014-07-24 18:07:59', '2015-05-14 02:22:01'),
(8, '12.png', 'http://horizonte.net.ve/web/uploads/24-07-2014/12.png', '', '2014-07-24 18:08:13', '2015-05-14 02:22:01'),
(12, 'bambino6.png', 'http://horizonte.net.ve/web/uploads/24-07-2014/bambino6.png', '', '2014-07-24 21:36:15', '2015-05-14 02:22:01'),
(10, '21.png', 'http://horizonte.net.ve/web/uploads/24-07-2014/21.png', '', '2014-07-24 18:08:24', '2015-05-14 02:22:01'),
(11, 'gabardina-pinzas.jpg', 'http://horizonte.net.ve/web/uploads/24-07-2014/gabardina-pinzas.jpg', '', '2014-07-24 20:54:45', '2015-05-14 02:22:01'),
(13, 'bambino11.png', 'http://horizonte.net.ve/web/uploads/24-07-2014/bambino11.png', '', '2014-07-24 21:36:24', '2015-05-14 02:22:01'),
(14, 'bambino12.png', 'http://horizonte.net.ve/web/uploads/24-07-2014/bambino12.png', '', '2014-07-24 21:36:28', '2015-05-14 02:22:01'),
(15, 'bambino15.png', 'http://horizonte.net.ve/web/uploads/24-07-2014/bambino15.png', '', '2014-07-24 21:36:35', '2015-05-14 02:22:01'),
(16, 'bambino18.png', 'http://horizonte.net.ve/web/uploads/24-07-2014/bambino18.png', '', '2014-07-24 21:36:39', '2015-05-14 02:22:01'),
(17, 'bambino1.png', 'http://horizonte.net.ve/web/uploads/24-07-2014/bambino1.png', '', '2014-07-24 21:38:46', '2015-05-14 02:22:01'),
(18, 'bambino19.png', 'http://horizonte.net.ve/web/uploads/24-07-2014/bambino19.png', '', '2014-07-24 23:30:35', '2015-05-14 02:22:01'),
(19, 'bambino22.png', 'http://horizonte.net.ve/web/uploads/24-07-2014/bambino22.png', '', '2014-07-24 23:30:41', '2015-05-14 02:22:01'),
(20, 'bambino24.png', 'http://horizonte.net.ve/web/uploads/24-07-2014/bambino24.png', '', '2014-07-24 23:39:35', '2015-05-14 02:22:01'),
(21, 'pantalon-poliester.jpg', 'http://horizonte.net.ve/web/uploads/24-07-2014/pantalon-poliester.jpg', '', '2014-07-24 23:51:16', '2015-05-14 02:22:01'),
(22, 'maiquer4.png', 'http://horizonte.net.ve/web/uploads/25-07-2014/maiquer4.png', '', '2014-07-25 00:27:19', '2015-05-14 02:22:01'),
(23, 'maiquer9.png', 'http://horizonte.net.ve/web/uploads/25-07-2014/maiquer9.png', '', '2014-07-25 00:27:19', '2015-05-14 02:22:01'),
(24, 'maiquer12.png', 'http://horizonte.net.ve/web/uploads/25-07-2014/maiquer12.png', '', '2014-07-25 00:27:37', '2015-05-14 02:22:01'),
(25, 'maiquer7.png', 'http://horizonte.net.ve/web/uploads/25-07-2014/maiquer7.png', '', '2014-07-25 00:27:37', '2015-05-14 02:22:01'),
(31, 'franela1.jpg', 'http://horizonte.net.ve/web/uploads/25-07-2014/franela1.jpg', '', '2014-07-25 02:16:09', '2015-05-14 02:22:01'),
(27, 'maiquer20.png', 'http://horizonte.net.ve/web/uploads/25-07-2014/maiquer20.png', '', '2014-07-25 00:53:02', '2015-05-14 02:22:01'),
(28, 'maiquer23.png', 'http://horizonte.net.ve/web/uploads/25-07-2014/maiquer23.png', '', '2014-07-25 00:53:06', '2015-05-14 02:22:01'),
(29, 'maiquer15.png', 'http://horizonte.net.ve/web/uploads/25-07-2014/maiquer15.png', '', '2014-07-25 00:53:08', '2015-05-14 02:22:01'),
(30, 'maiquer18.png', 'http://horizonte.net.ve/web/uploads/25-07-2014/maiquer18.png', '', '2014-07-25 00:54:07', '2015-05-14 02:22:01'),
(32, 'franela2.jpg', 'http://horizonte.net.ve/web/uploads/25-07-2014/franela2.jpg', '', '2014-07-25 02:16:12', '2015-05-14 02:22:01'),
(33, 'franela3.jpg', 'http://horizonte.net.ve/web/uploads/25-07-2014/franela3.jpg', '', '2014-07-25 02:16:14', '2015-05-14 02:22:01'),
(34, 'Mision.jpg', 'http://horizonte.net.ve/web/uploads/06-08-2014/Mision.jpg', '', '2014-08-06 19:21:50', '2015-05-14 02:22:01'),
(35, 'Vision.jpg', 'http://horizonte.net.ve/web/uploads/06-08-2014/Vision.jpg', '', '2014-08-06 19:30:41', '2015-05-14 02:22:01'),
(36, 'Franela amarilla.jpg', 'http://horizonte.net.ve/web/uploads/07-08-2014/Franela amarilla.jpg', '', '2014-08-07 18:05:58', '2015-05-14 02:22:01'),
(37, 'Franela roja.jpg', 'http://horizonte.net.ve/web/uploads/07-08-2014/Franela roja.jpg', '', '2014-08-07 18:07:50', '2015-05-14 02:22:01'),
(38, 'Chemise blanca.jpg', 'http://horizonte.net.ve/web/uploads/07-08-2014/Chemise blanca.jpg', '', '2014-08-07 18:10:13', '2015-05-14 02:22:01');

-- --------------------------------------------------------

--
-- Estructura de tabla para la tabla `perfils`
--

CREATE TABLE IF NOT EXISTS `perfils` (
  `id` int(255) NOT NULL AUTO_INCREMENT,
  `name` varchar(100) COLLATE utf8_spanish2_ci NOT NULL,
  PRIMARY KEY (`id`)
) ENGINE=MyISAM  DEFAULT CHARSET=utf8 COLLATE=utf8_spanish2_ci AUTO_INCREMENT=4 ;

--
-- Volcado de datos para la tabla `perfils`
--

INSERT INTO `perfils` (`id`, `name`) VALUES
(1, 'ROLE_Programador'),
(2, 'ROLE_Administrador'),
(3, 'ROLE_Usuario');

-- --------------------------------------------------------

--
-- Estructura de tabla para la tabla `products`
--

CREATE TABLE IF NOT EXISTS `products` (
  `id` int(255) NOT NULL AUTO_INCREMENT,
  `provider_id` int(255) NOT NULL,
  `category_id` int(255) NOT NULL,
  `name` varchar(255) COLLATE utf8_spanish2_ci NOT NULL,
  `price` text COLLATE utf8_spanish2_ci NOT NULL,
  `sizes` varchar(200) COLLATE utf8_spanish2_ci NOT NULL,
  `image` longtext COLLATE utf8_spanish2_ci NOT NULL,
  `created` datetime NOT NULL,
  `updated` timestamp NOT NULL DEFAULT CURRENT_TIMESTAMP ON UPDATE CURRENT_TIMESTAMP,
  PRIMARY KEY (`id`),
  KEY `provider_id` (`provider_id`),
  KEY `category_id` (`category_id`)
) ENGINE=MyISAM  DEFAULT CHARSET=utf8 COLLATE=utf8_spanish2_ci AUTO_INCREMENT=83 ;

--
-- Volcado de datos para la tabla `products`
--

INSERT INTO `products` (`id`, `provider_id`, `category_id`, `name`, `price`, `sizes`, `image`, `created`, `updated`) VALUES
(5, 4, 6, 'Chemise blanca', '410.06', '6-8', 'http://horizonte.net.ve/web/uploads/07-08-2014/Chemise blanca.jpg', '0000-00-00 00:00:00', '2015-05-14 02:22:01'),
(7, 4, 6, 'Chemise blanca - azul - beige', '501.81', 'S-L', 'http://horizonte.net.ve/web/uploads/07-08-2014/Chemise blanca.jpg', '0000-00-00 00:00:00', '2015-05-14 02:22:01'),
(6, 4, 6, 'Chemise blanca', '559.06', '10-16', 'http://horizonte.net.ve/web/uploads/07-08-2014/Chemise blanca.jpg', '0000-00-00 00:00:00', '2015-05-14 02:22:01'),
(10, 4, 6, 'Chemise (Niña)', '484.54', '6-10', 'http://horizonte.net.ve/web/uploads/24-07-2014/6.png', '0000-00-00 00:00:00', '2015-05-14 02:22:01'),
(11, 4, 6, 'Chemise (Niña)', '523.25', '12', 'http://horizonte.net.ve/web/uploads/24-07-2014/6.png', '0000-00-00 00:00:00', '2015-05-14 02:22:01'),
(12, 4, 7, 'Mono algodón reforzado en rodillas', '520', '2-6', 'http://horizonte.net.ve/web/uploads/24-07-2014/8.png', '0000-00-00 00:00:00', '2015-05-14 02:22:01'),
(13, 4, 7, 'Mono algodón', '523.59', '2-8', 'http://horizonte.net.ve/web/uploads/24-07-2014/9.png', '0000-00-00 00:00:00', '2015-05-14 02:22:01'),
(14, 4, 7, 'Mono algodón', '591.06', '10-16', 'http://horizonte.net.ve/web/uploads/24-07-2014/9.png', '0000-00-00 00:00:00', '2015-05-14 02:22:01'),
(15, 4, 7, 'Mono algodón', '742.20', 'S-L', 'http://horizonte.net.ve/web/uploads/24-07-2014/9.png', '0000-00-00 00:00:00', '2015-05-14 02:22:01'),
(16, 4, 8, 'Gabardina engomado', '865.58', '2-6', 'http://horizonte.net.ve/web/uploads/25-07-2014/maiquer9.png', '0000-00-00 00:00:00', '2015-05-14 02:22:01'),
(17, 4, 8, 'Gabardina engomado', '909.92', '8-12', 'http://horizonte.net.ve/web/uploads/25-07-2014/maiquer9.png', '0000-00-00 00:00:00', '2015-05-14 02:22:01'),
(18, 4, 8, 'Gabardina engomado', '954.26', '14-16', 'http://horizonte.net.ve/web/uploads/25-07-2014/maiquer9.png', '0000-00-00 00:00:00', '2015-05-14 02:22:01'),
(19, 4, 8, 'Gabardina pinzas niño', '909.92', '2-6', 'http://horizonte.net.ve/web/uploads/25-07-2014/maiquer12.png', '0000-00-00 00:00:00', '2015-05-14 02:22:01'),
(20, 4, 8, 'Gabardina pinzas niño', '961.97', '8-12', 'http://horizonte.net.ve/web/uploads/25-07-2014/maiquer12.png', '0000-00-00 00:00:00', '2015-05-14 02:22:01'),
(21, 4, 8, 'Gabardina pinzas niño', '954.26', '14-16', 'http://horizonte.net.ve/web/uploads/25-07-2014/maiquer12.png', '0000-00-00 00:00:00', '2015-05-14 02:22:01'),
(22, 4, 9, 'Chaqueta con capucha', '934.98', '2-8', 'http://horizonte.net.ve/web/uploads/24-07-2014/21.png', '0000-00-00 00:00:00', '2015-05-14 02:22:01'),
(23, 4, 9, 'Chaqueta con capucha', '1012.10', '10-16', 'http://horizonte.net.ve/web/uploads/24-07-2014/21.png', '0000-00-00 00:00:00', '2015-05-14 02:22:01'),
(24, 3, 10, 'Franela blanca', '227.34', '4-8', 'http://horizonte.net.ve/web/uploads/24-07-2014/1.png', '0000-00-00 00:00:00', '2015-05-14 02:22:01'),
(25, 3, 10, 'Franela blanca', '268.21', '10-16', 'http://horizonte.net.ve/web/uploads/24-07-2014/1.png', '0000-00-00 00:00:00', '2015-05-14 02:22:01'),
(26, 3, 10, 'Franela blanca', '324.44', 'S-L', 'http://horizonte.net.ve/web/uploads/24-07-2014/1.png', '0000-00-00 00:00:00', '2015-05-14 02:22:01'),
(27, 3, 10, 'Franela amarilla', '232.14', '4-8', 'http://horizonte.net.ve/web/uploads/07-08-2014/Franela amarilla.jpg', '0000-00-00 00:00:00', '2015-05-14 02:22:01'),
(28, 3, 10, 'Franela roja', '264.93', '4-8', 'http://horizonte.net.ve/web/uploads/07-08-2014/Franela roja.jpg', '0000-00-00 00:00:00', '2015-05-14 02:22:01'),
(29, 3, 6, 'Chemise blanca', '482.43', '6-8', 'http://horizonte.net.ve/web/uploads/24-07-2014/bambino6.png', '0000-00-00 00:00:00', '2015-05-14 02:22:01'),
(30, 3, 6, 'Chemise blanca', '590.36', '10-16', 'http://horizonte.net.ve/web/uploads/24-07-2014/bambino6.png', '0000-00-00 00:00:00', '2015-05-14 02:22:01'),
(31, 3, 6, 'Chemise blanca', '657.72', 'S-L', 'http://horizonte.net.ve/web/uploads/24-07-2014/bambino6.png', '0000-00-00 00:00:00', '2015-05-14 02:22:01'),
(32, 3, 6, 'Chemise azul - beige', '590.36', '14-16', 'http://horizonte.net.ve/web/uploads/24-07-2014/bambino6.png', '0000-00-00 00:00:00', '2015-05-14 02:22:01'),
(34, 3, 6, 'Chemise (Niña)', '554.03', '4-8', 'http://horizonte.net.ve/web/uploads/24-07-2014/bambino11.png', '0000-00-00 00:00:00', '2015-05-14 02:22:01'),
(35, 3, 7, 'Mono algodón', '581.77', '2-8', 'http://horizonte.net.ve/web/uploads/24-07-2014/bambino12.png', '0000-00-00 00:00:00', '2015-05-14 02:22:01'),
(36, 3, 7, 'Mono algodón', '656.74', '10-16', 'http://horizonte.net.ve/web/uploads/24-07-2014/bambino12.png', '0000-00-00 00:00:00', '2015-05-14 02:22:01'),
(37, 3, 7, 'Mono algodón', '824.67', 'S-L', 'http://horizonte.net.ve/web/uploads/24-07-2014/bambino12.png', '0000-00-00 00:00:00', '2015-05-14 02:22:01'),
(38, 3, 8, 'Gabardina sin pinzas niño', '961.76', '8-12', 'http://horizonte.net.ve/web/uploads/24-07-2014/bambino15.png', '0000-00-00 00:00:00', '2015-05-14 02:22:01'),
(39, 3, 8, 'Gabardina sin pinzas niño', '1011.02', '14-16', 'http://horizonte.net.ve/web/uploads/24-07-2014/bambino15.png', '0000-00-00 00:00:00', '2015-05-14 02:22:01'),
(40, 3, 8, 'Gabardina fashion niño azul', '1060.29', '8-12', 'http://horizonte.net.ve/web/uploads/24-07-2014/bambino15.png', '0000-00-00 00:00:00', '2015-05-14 02:22:01'),
(41, 3, 11, 'Suéter sin capucha', '1124.55', '10-16', 'http://horizonte.net.ve/web/uploads/24-07-2014/bambino18.png', '0000-00-00 00:00:00', '2015-05-14 02:22:01'),
(42, 3, 12, 'Falda de gabardina 4 tachones', '0', '4-8', 'http://horizonte.net.ve/web/uploads/24-07-2014/bambino19.png', '0000-00-00 00:00:00', '2015-05-14 02:22:01'),
(43, 3, 12, 'Falda de gabardina 4 tachones', '0', '10-14', 'http://horizonte.net.ve/web/uploads/24-07-2014/bambino19.png', '0000-00-00 00:00:00', '2015-05-14 02:22:01'),
(44, 3, 12, 'Falda de gabardina 4 tachones', '0', '16-20', 'http://horizonte.net.ve/web/uploads/24-07-2014/bambino19.png', '0000-00-00 00:00:00', '2015-05-14 02:22:01'),
(45, 3, 12, 'Falda short', '667,10', '4-12', 'http://horizonte.net.ve/web/uploads/24-07-2014/bambino22.png', '0000-00-00 00:00:00', '2015-05-14 02:22:01'),
(46, 3, 12, 'Falda short', '747,37', '12-18', 'http://horizonte.net.ve/web/uploads/24-07-2014/bambino22.png', '0000-00-00 00:00:00', '2015-05-14 02:22:01'),
(47, 3, 8, 'Gabardina pinzas niño', '1.011,02', '2-6', 'http://horizonte.net.ve/web/uploads/24-07-2014/bambino24.png', '0000-00-00 00:00:00', '2015-05-14 02:22:01'),
(48, 3, 8, 'Gabardina pinzas niño', '1.060,29', '8-12', 'http://horizonte.net.ve/web/uploads/24-07-2014/bambino24.png', '0000-00-00 00:00:00', '2015-05-14 02:22:01'),
(49, 3, 8, 'Gabardina pinzas niño', '1.068,86', '14-16', 'http://horizonte.net.ve/web/uploads/24-07-2014/bambino24.png', '0000-00-00 00:00:00', '2015-05-14 02:22:01'),
(50, 3, 13, 'Pantalón poliester niño', '792,54', '2-6', 'http://horizonte.net.ve/web/uploads/24-07-2014/pantalon-poliester.jpg', '0000-00-00 00:00:00', '2015-05-14 02:22:01'),
(51, 3, 13, 'Pantalón poliester niño', '846,09', '8-12', 'http://horizonte.net.ve/web/uploads/24-07-2014/pantalon-poliester.jpg', '0000-00-00 00:00:00', '2015-05-14 02:22:01'),
(52, 3, 13, 'Pantalón poliester niño', '910,35', '14-18', 'http://horizonte.net.ve/web/uploads/24-07-2014/pantalon-poliester.jpg', '0000-00-00 00:00:00', '2015-05-14 02:22:01'),
(53, 3, 8, 'Gabardina pinzas niña', '1.011,02', '2-6', 'http://horizonte.net.ve/web/uploads/24-07-2014/bambino24.png', '0000-00-00 00:00:00', '2015-05-14 02:22:01'),
(54, 3, 8, 'Gabardina pinzas niña', '1.060,29', '8-12', 'http://horizonte.net.ve/web/uploads/24-07-2014/bambino24.png', '0000-00-00 00:00:00', '2015-05-14 02:22:01'),
(55, 3, 8, 'Gabardina pinzas niña', '1068.86', '14-16', 'http://horizonte.net.ve/web/uploads/24-07-2014/bambino24.png', '0000-00-00 00:00:00', '2015-05-14 02:22:01'),
(56, 3, 8, 'Gabardina engomado', '961.76', '2-6', 'http://horizonte.net.ve/web/uploads/24-07-2014/12.png', '0000-00-00 00:00:00', '2015-05-14 02:22:01'),
(57, 3, 8, 'Gabardina engomado', '1011.02', '8-12', 'http://horizonte.net.ve/web/uploads/24-07-2014/12.png', '0000-00-00 00:00:00', '2015-05-14 02:22:01'),
(58, 3, 8, 'Gabardina engomado', '1060.29', '14-16', 'http://horizonte.net.ve/web/uploads/24-07-2014/12.png', '0000-00-00 00:00:00', '2015-05-14 02:22:01'),
(59, 5, 13, 'Pantalón poliester niño', '803.60', '2-6', 'http://horizonte.net.ve/web/uploads/24-07-2014/pantalon-poliester.jpg', '0000-00-00 00:00:00', '2015-05-14 02:22:01'),
(60, 5, 13, 'Pantalón poliester niño', '852.60', '8-12', 'http://horizonte.net.ve/web/uploads/24-07-2014/pantalon-poliester.jpg', '0000-00-00 00:00:00', '2015-05-14 02:22:01'),
(61, 5, 13, 'Pantalón poliester niño', '911.40', '14-16', 'http://horizonte.net.ve/web/uploads/24-07-2014/pantalon-poliester.jpg', '0000-00-00 00:00:00', '2015-05-14 02:22:01'),
(62, 5, 7, 'Mono algodón', '882.00', '2-8', 'http://horizonte.net.ve/web/uploads/25-07-2014/maiquer4.png', '0000-00-00 00:00:00', '2015-05-14 02:22:01'),
(63, 5, 7, 'Mono algodón', '970.20', '10-16', 'http://horizonte.net.ve/web/uploads/25-07-2014/maiquer4.png', '0000-00-00 00:00:00', '2015-05-14 02:22:01'),
(64, 5, 7, 'Mono algodón', '1097.60', 'S-L', 'http://horizonte.net.ve/web/uploads/25-07-2014/maiquer4.png', '0000-00-00 00:00:00', '2015-05-14 02:22:01'),
(65, 5, 7, 'Mono bota recta Suplex', '882.00', '2-8', 'http://horizonte.net.ve/web/uploads/25-07-2014/maiquer7.png', '0000-00-00 00:00:00', '2015-05-14 02:22:01'),
(66, 5, 7, 'Mono bota recta Suplex', '970.20', '10-16', 'http://horizonte.net.ve/web/uploads/25-07-2014/maiquer7.png', '0000-00-00 00:00:00', '2015-05-14 02:22:01'),
(67, 5, 8, 'Gabardina engomado', '970.20', '2-6', 'http://horizonte.net.ve/web/uploads/25-07-2014/maiquer9.png', '0000-00-00 00:00:00', '2015-05-14 02:22:01'),
(68, 5, 8, 'Gabardina engomado', '1029.00', '8-12', 'http://horizonte.net.ve/web/uploads/25-07-2014/maiquer9.png', '0000-00-00 00:00:00', '2015-05-14 02:22:01'),
(69, 5, 8, 'Gabardina engomado', '1078.00', '14-16', 'http://horizonte.net.ve/web/uploads/25-07-2014/maiquer9.png', '0000-00-00 00:00:00', '2015-05-14 02:22:01'),
(70, 5, 8, 'Gabardina pinzas niño', '1011.02', '2-6', 'http://horizonte.net.ve/web/uploads/25-07-2014/maiquer12.png', '0000-00-00 00:00:00', '2015-05-14 02:22:01'),
(71, 5, 8, 'Gabardina pinzas niño', '1060.29', '8-12', 'http://horizonte.net.ve/web/uploads/25-07-2014/maiquer12.png', '0000-00-00 00:00:00', '2015-05-14 02:22:01'),
(72, 5, 8, 'Gabardina pinzas niño', '1078.00', '14-16', 'http://horizonte.net.ve/web/uploads/25-07-2014/maiquer12.png', '0000-00-00 00:00:00', '2015-05-14 02:22:01'),
(73, 5, 8, 'Gabardina pinzas niña', '1011.02', '2-6', 'http://horizonte.net.ve/web/uploads/25-07-2014/maiquer15.png', '0000-00-00 00:00:00', '2015-05-14 02:22:01'),
(74, 5, 8, 'Gabardina pinzas niña', '1060.29', '8-12', 'http://horizonte.net.ve/web/uploads/25-07-2014/maiquer15.png', '0000-00-00 00:00:00', '2015-05-14 02:22:01'),
(75, 5, 8, 'Gabardina pinzas niña', '1078.00', '14-16', 'http://horizonte.net.ve/web/uploads/25-07-2014/maiquer15.png', '0000-00-00 00:00:00', '2015-05-14 02:22:01'),
(76, 5, 9, 'Chaqueta sin capucha', '1332.80', '2-8', 'http://horizonte.net.ve/web/uploads/25-07-2014/maiquer18.png', '0000-00-00 00:00:00', '2015-05-14 02:22:01'),
(77, 5, 9, 'Chaqueta sin  capucha', '1332.80', '10-16', 'http://horizonte.net.ve/web/uploads/25-07-2014/maiquer18.png', '0000-00-00 00:00:00', '2015-05-14 02:22:01'),
(78, 5, 12, 'Falda de gabardina 4 tachones', '784.00', '4-8', 'http://horizonte.net.ve/web/uploads/25-07-2014/maiquer20.png', '0000-00-00 00:00:00', '2015-05-14 02:22:01'),
(79, 5, 12, 'Falda de gabardina 4 tachones', '792.54', '10-14', 'http://horizonte.net.ve/web/uploads/25-07-2014/maiquer20.png', '0000-00-00 00:00:00', '2015-05-14 02:22:01'),
(80, 5, 12, 'Falda de gabardina 4 tachones', '842.80', '16-20', 'http://horizonte.net.ve/web/uploads/25-07-2014/maiquer20.png', '0000-00-00 00:00:00', '2015-05-14 02:22:01'),
(81, 5, 13, 'Pantalón pretina ancha strech niña', '1342.60', '8-16', 'http://horizonte.net.ve/web/uploads/25-07-2014/maiquer23.png', '0000-00-00 00:00:00', '2015-05-14 02:22:01'),
(82, 5, 13, 'Pantalón pretina ancha strech niña', '1528.80', 'SS-L', 'http://horizonte.net.ve/web/uploads/25-07-2014/maiquer23.png', '0000-00-00 00:00:00', '2015-05-14 02:22:01');

-- --------------------------------------------------------

--
-- Estructura de tabla para la tabla `providers`
--

CREATE TABLE IF NOT EXISTS `providers` (
  `id` int(255) NOT NULL AUTO_INCREMENT,
  `name` varchar(255) COLLATE utf8_spanish2_ci NOT NULL,
  `created` datetime NOT NULL,
  `updated` timestamp NOT NULL DEFAULT CURRENT_TIMESTAMP ON UPDATE CURRENT_TIMESTAMP,
  PRIMARY KEY (`id`),
  UNIQUE KEY `name` (`name`)
) ENGINE=MyISAM  DEFAULT CHARSET=utf8 COLLATE=utf8_spanish2_ci AUTO_INCREMENT=6 ;

--
-- Volcado de datos para la tabla `providers`
--

INSERT INTO `providers` (`id`, `name`, `created`, `updated`) VALUES
(3, 'Bambino', '2014-07-24 06:12:36', '2014-07-24 06:12:36'),
(4, 'Confecciones propias', '2014-07-24 18:15:47', '2014-07-24 18:15:47'),
(5, 'Maiker', '2014-07-25 00:54:45', '2014-08-11 16:45:25');

-- --------------------------------------------------------

--
-- Estructura de tabla para la tabla `sizes`
--

CREATE TABLE IF NOT EXISTS `sizes` (
  `id` int(255) NOT NULL AUTO_INCREMENT,
  `product_id` int(255) NOT NULL,
  `size` varchar(10) NOT NULL,
  `created` datetime NOT NULL,
  `updated` timestamp NOT NULL DEFAULT CURRENT_TIMESTAMP ON UPDATE CURRENT_TIMESTAMP,
  PRIMARY KEY (`id`),
  KEY `product_id` (`product_id`)
) ENGINE=MyISAM  DEFAULT CHARSET=latin1 AUTO_INCREMENT=251 ;

--
-- Volcado de datos para la tabla `sizes`
--

INSERT INTO `sizes` (`id`, `product_id`, `size`, `created`, `updated`) VALUES
(3, 24, '4', '2014-08-06 13:48:20', '2014-08-07 16:14:47'),
(4, 24, '6', '2014-08-06 13:49:22', '2014-08-07 16:14:56'),
(5, 22, '2', '2014-08-06 20:59:11', '2014-08-06 20:59:11'),
(6, 22, '4', '2014-08-06 20:59:19', '2014-08-06 20:59:19'),
(7, 22, '6', '2014-08-06 20:59:32', '2014-08-06 20:59:32'),
(8, 22, '8', '2014-08-06 20:59:39', '2014-08-06 20:59:39'),
(9, 23, '10', '2014-08-06 20:59:52', '2014-08-06 20:59:52'),
(10, 23, '12', '2014-08-06 20:59:57', '2014-08-06 20:59:57'),
(11, 23, '14', '2014-08-06 21:00:12', '2014-08-06 21:00:24'),
(12, 23, '16', '2014-08-06 21:00:32', '2014-08-06 21:00:32'),
(13, 5, '6', '2014-08-06 21:01:12', '2014-08-06 21:01:12'),
(14, 5, '8', '2014-08-06 21:01:19', '2014-08-06 21:01:19'),
(15, 7, 'L', '2014-08-06 21:01:35', '2014-08-06 21:05:34'),
(16, 7, 'M', '2014-08-06 21:01:40', '2014-08-06 21:05:44'),
(17, 7, 'S', '2014-08-06 21:01:46', '2014-08-06 21:05:59'),
(22, 6, '16', '2014-08-06 21:06:58', '2014-08-06 21:06:58'),
(19, 6, '14', '2014-08-06 21:03:51', '2014-08-06 21:06:51'),
(20, 6, '12', '2014-08-06 21:03:57', '2014-08-06 21:06:43'),
(21, 6, '10', '2014-08-06 21:04:03', '2014-08-06 21:06:36'),
(25, 7, '16', '2014-08-06 21:53:26', '2014-08-06 21:53:26'),
(24, 7, '14', '2014-08-06 21:53:09', '2014-08-06 21:53:09'),
(26, 7, 'XL', '2014-08-06 21:53:36', '2014-08-06 21:53:59'),
(27, 10, '6', '2014-08-06 22:07:11', '2014-08-06 22:07:11'),
(28, 10, '8', '2014-08-06 22:07:15', '2014-08-06 22:07:15'),
(29, 10, '10', '2014-08-06 22:07:21', '2014-08-06 22:07:21'),
(30, 11, '12', '2014-08-06 22:07:59', '2014-08-06 22:07:59'),
(31, 12, '2', '2014-08-06 22:08:26', '2014-08-06 22:08:26'),
(32, 12, '4', '2014-08-06 22:08:30', '2014-08-06 22:08:30'),
(33, 12, '6', '2014-08-06 22:08:35', '2014-08-06 22:08:35'),
(34, 13, '2', '2014-08-06 22:09:02', '2014-08-06 22:09:02'),
(35, 13, '4', '2014-08-06 22:09:08', '2014-08-06 22:09:08'),
(36, 13, '6', '2014-08-06 22:09:14', '2014-08-06 22:09:14'),
(37, 13, '8', '2014-08-06 22:09:19', '2014-08-06 22:09:19'),
(38, 14, '10', '2014-08-06 22:09:57', '2014-08-06 22:09:57'),
(39, 14, '12', '2014-08-06 22:10:02', '2014-08-06 22:10:02'),
(40, 14, '14', '2014-08-06 22:10:06', '2014-08-06 22:10:06'),
(41, 14, '16', '2014-08-06 22:10:10', '2014-08-06 22:10:10'),
(42, 15, 'S', '2014-08-06 22:10:52', '2014-08-06 22:10:52'),
(43, 15, 'M', '2014-08-06 22:10:57', '2014-08-06 22:10:57'),
(44, 15, 'L', '2014-08-06 22:11:03', '2014-08-06 22:11:03'),
(45, 16, '2', '2014-08-06 22:11:17', '2014-08-06 22:11:17'),
(46, 16, '4', '2014-08-06 22:11:24', '2014-08-06 22:11:24'),
(47, 16, '6', '2014-08-06 22:11:28', '2014-08-06 22:11:28'),
(48, 17, '8', '2014-08-06 22:12:00', '2014-08-06 22:12:00'),
(49, 17, '10', '2014-08-06 22:12:04', '2014-08-06 22:12:04'),
(50, 17, '12', '2014-08-06 22:12:08', '2014-08-06 22:12:08'),
(52, 20, '8', '2014-08-06 22:13:08', '2014-08-06 22:13:08'),
(53, 20, '10', '2014-08-06 22:13:12', '2014-08-06 22:13:12'),
(54, 20, '12', '2014-08-06 22:13:16', '2014-08-06 22:13:16'),
(55, 18, '14', '2014-08-06 22:13:47', '2014-08-06 22:13:47'),
(56, 18, '16', '2014-08-06 22:13:51', '2014-08-06 22:13:51'),
(57, 21, '14', '2014-08-06 22:14:08', '2014-08-06 22:14:08'),
(58, 21, '16', '2014-08-06 22:14:13', '2014-08-06 22:14:13'),
(59, 19, '2', '2014-08-06 22:14:53', '2014-08-06 22:14:53'),
(60, 19, '4', '2014-08-06 22:14:57', '2014-08-06 22:14:57'),
(61, 19, '6', '2014-08-06 22:15:01', '2014-08-06 22:15:01'),
(62, 24, '8', '2014-08-07 16:15:03', '2014-08-07 16:15:03'),
(63, 25, '10', '2014-08-07 16:15:23', '2014-08-07 16:15:23'),
(64, 25, '12', '2014-08-07 16:15:34', '2014-08-07 16:15:34'),
(65, 25, '14', '2014-08-07 16:15:49', '2014-08-07 16:15:49'),
(66, 25, '16', '2014-08-07 16:15:57', '2014-08-07 16:15:57'),
(67, 26, 'S', '2014-08-07 16:16:41', '2014-08-07 16:16:41'),
(68, 26, 'M', '2014-08-07 16:16:49', '2014-08-07 16:16:49'),
(69, 26, 'L', '2014-08-07 16:16:55', '2014-08-07 16:16:55'),
(70, 27, '4', '2014-08-07 16:17:36', '2014-08-07 16:17:36'),
(71, 27, '6', '2014-08-07 16:17:43', '2014-08-07 16:17:43'),
(72, 27, '8', '2014-08-07 16:17:50', '2014-08-07 16:17:50'),
(73, 28, '4', '2014-08-07 18:08:33', '2014-08-07 18:08:33'),
(74, 28, '6', '2014-08-07 18:08:39', '2014-08-07 18:08:39'),
(75, 28, '8', '2014-08-07 18:08:44', '2014-08-07 18:08:44'),
(76, 29, '6', '2014-08-07 18:10:35', '2014-08-07 18:10:35'),
(77, 29, '8', '2014-08-07 18:10:40', '2014-08-07 18:10:40'),
(78, 30, '10', '2014-08-07 18:11:09', '2014-08-07 18:11:09'),
(79, 30, '12', '2014-08-07 18:11:15', '2014-08-07 18:11:15'),
(80, 30, '14', '2014-08-07 18:11:21', '2014-08-07 18:11:21'),
(81, 30, '16', '2014-08-07 18:11:27', '2014-08-07 18:11:27'),
(82, 31, 'S', '2014-08-07 18:11:55', '2014-08-07 18:11:55'),
(83, 31, 'M', '2014-08-07 18:12:01', '2014-08-07 18:12:01'),
(84, 31, 'L', '2014-08-07 18:12:10', '2014-08-07 18:12:10'),
(85, 32, '14', '2014-08-07 18:14:35', '2014-08-07 18:14:35'),
(86, 32, '16', '2014-08-07 18:14:42', '2014-08-07 18:14:42'),
(103, 37, 'S', '2014-08-07 18:22:28', '2014-08-07 18:22:28'),
(88, 32, 'S', '2014-08-07 18:17:50', '2014-08-07 18:17:50'),
(89, 32, 'M', '2014-08-07 18:17:56', '2014-08-07 18:17:56'),
(90, 32, 'L', '2014-08-07 18:18:02', '2014-08-07 18:18:02'),
(91, 32, 'XL', '2014-08-07 18:18:28', '2014-08-07 18:18:28'),
(92, 34, '4', '2014-08-07 18:18:49', '2014-08-07 18:18:49'),
(93, 34, '6', '2014-08-07 18:18:59', '2014-08-07 18:18:59'),
(94, 34, '8', '2014-08-07 18:19:11', '2014-08-07 18:19:11'),
(95, 35, '2', '2014-08-07 18:19:33', '2014-08-07 18:19:33'),
(96, 35, '4', '2014-08-07 18:19:40', '2014-08-07 18:19:40'),
(97, 35, '6', '2014-08-07 18:19:46', '2014-08-07 18:19:46'),
(98, 35, '8', '2014-08-07 18:19:52', '2014-08-07 18:19:52'),
(99, 36, '10', '2014-08-07 18:21:09', '2014-08-07 18:21:09'),
(100, 36, '12', '2014-08-07 18:21:14', '2014-08-07 18:21:14'),
(101, 36, '14', '2014-08-07 18:21:22', '2014-08-07 18:21:22'),
(102, 36, '16', '2014-08-07 18:21:27', '2014-08-07 18:21:27'),
(104, 37, 'M', '2014-08-07 18:22:31', '2014-08-07 18:22:31'),
(105, 37, 'L', '2014-08-07 18:22:34', '2014-08-07 18:22:34'),
(106, 38, '8', '2014-08-07 18:23:04', '2014-08-07 18:23:04'),
(107, 38, '10', '2014-08-07 18:23:06', '2014-08-07 18:23:06'),
(108, 38, '12', '2014-08-07 18:23:09', '2014-08-07 18:23:09'),
(109, 39, '14', '2014-08-07 18:23:51', '2014-08-07 18:23:51'),
(110, 39, '16', '2014-08-07 18:23:55', '2014-08-07 18:23:55'),
(111, 40, '8', '2014-08-07 18:24:22', '2014-08-07 18:24:22'),
(112, 40, '10', '2014-08-07 18:24:29', '2014-08-07 18:24:29'),
(113, 40, '12', '2014-08-07 18:24:38', '2014-08-07 18:24:38'),
(114, 41, '10', '2014-08-07 18:25:07', '2014-08-07 18:25:07'),
(115, 41, '12', '2014-08-07 18:25:09', '2014-08-07 18:25:09'),
(116, 41, '14', '2014-08-07 18:25:11', '2014-08-07 18:25:11'),
(117, 41, '16', '2014-08-07 18:25:14', '2014-08-07 18:25:14'),
(118, 42, '4', '2014-08-07 18:25:47', '2014-08-07 18:25:47'),
(119, 42, '6', '2014-08-07 18:25:50', '2014-08-07 18:25:50'),
(120, 42, '8', '2014-08-07 18:25:52', '2014-08-07 18:25:52'),
(121, 43, '10', '2014-08-07 18:26:14', '2014-08-07 18:26:14'),
(122, 43, '12', '2014-08-07 18:26:17', '2014-08-07 18:26:17'),
(123, 43, '14', '2014-08-07 18:26:21', '2014-08-07 18:26:21'),
(124, 44, '16', '2014-08-07 18:26:36', '2014-08-07 18:26:36'),
(125, 44, '18', '2014-08-07 18:26:41', '2014-08-07 18:26:41'),
(126, 44, '20', '2014-08-07 18:26:46', '2014-08-07 18:26:46'),
(127, 45, '4', '2014-08-07 18:27:29', '2014-08-07 18:27:29'),
(128, 45, '6', '2014-08-07 18:27:33', '2014-08-07 18:27:33'),
(129, 45, '8', '2014-08-07 18:27:42', '2014-08-07 18:27:42'),
(130, 45, '10', '2014-08-07 18:27:45', '2014-08-07 18:27:45'),
(131, 45, '12', '2014-08-07 18:27:51', '2014-08-07 18:27:51'),
(132, 46, '12', '2014-08-07 18:28:13', '2014-08-07 18:28:13'),
(133, 46, '14', '2014-08-07 18:28:16', '2014-08-07 18:28:16'),
(134, 46, '16', '2014-08-07 18:28:18', '2014-08-07 18:28:18'),
(135, 46, '18', '2014-08-07 18:28:20', '2014-08-07 18:28:20'),
(136, 47, '2', '2014-08-07 18:29:00', '2014-08-07 18:29:00'),
(137, 47, '4', '2014-08-07 18:29:08', '2014-08-07 18:29:08'),
(138, 47, '6', '2014-08-07 18:29:11', '2014-08-07 18:29:11'),
(139, 48, '8', '2014-08-07 18:29:31', '2014-08-07 18:29:31'),
(140, 48, '10', '2014-08-07 18:29:33', '2014-08-07 18:29:33'),
(141, 48, '12', '2014-08-07 18:29:36', '2014-08-07 18:29:36'),
(142, 49, '14', '2014-08-07 18:30:16', '2014-08-07 18:30:16'),
(143, 49, '16', '2014-08-07 18:30:18', '2014-08-07 18:30:18'),
(144, 50, '2', '2014-08-07 18:30:47', '2014-08-07 18:30:47'),
(145, 50, '4', '2014-08-07 18:30:53', '2014-08-07 18:30:53'),
(146, 50, '6', '2014-08-07 18:30:58', '2014-08-07 18:30:58'),
(147, 51, '8', '2014-08-07 18:31:12', '2014-08-07 18:31:12'),
(148, 51, '10', '2014-08-07 18:31:15', '2014-08-07 18:31:15'),
(149, 51, '12', '2014-08-07 18:31:17', '2014-08-07 18:31:17'),
(150, 52, '14', '2014-08-07 18:31:32', '2014-08-07 18:31:32'),
(151, 52, '16', '2014-08-07 18:31:34', '2014-08-07 18:31:34'),
(152, 53, '2', '2014-08-07 18:36:06', '2014-08-07 18:36:06'),
(153, 53, '4', '2014-08-07 18:36:09', '2014-08-07 18:36:09'),
(154, 53, '6', '2014-08-07 18:36:15', '2014-08-07 18:36:15'),
(155, 54, '8', '2014-08-07 18:36:25', '2014-08-07 18:36:25'),
(156, 54, '10', '2014-08-07 18:36:31', '2014-08-07 18:36:31'),
(157, 54, '12', '2014-08-07 18:36:35', '2014-08-07 18:36:35'),
(158, 55, '14', '2014-08-07 18:36:58', '2014-08-07 18:36:58'),
(159, 55, '16', '2014-08-07 18:37:01', '2014-08-07 18:37:01'),
(160, 56, '2', '2014-08-07 18:37:40', '2014-08-07 18:37:40'),
(161, 56, '4', '2014-08-07 18:37:43', '2014-08-07 18:37:43'),
(162, 56, '6', '2014-08-07 18:37:50', '2014-08-07 18:37:50'),
(163, 57, '8', '2014-08-07 18:38:08', '2014-08-07 18:38:08'),
(164, 57, '10', '2014-08-07 18:38:11', '2014-08-07 18:38:11'),
(165, 57, '12', '2014-08-07 18:38:15', '2014-08-07 18:38:15'),
(169, 58, '16', '2014-08-07 18:39:17', '2014-08-07 18:39:17'),
(168, 58, '14', '2014-08-07 18:39:15', '2014-08-07 18:39:15'),
(170, 59, '2', '2014-08-07 18:48:00', '2014-08-07 18:48:00'),
(171, 59, '4', '2014-08-07 18:48:02', '2014-08-07 18:48:02'),
(172, 59, '6', '2014-08-07 18:48:06', '2014-08-07 18:48:06'),
(173, 60, '8', '2014-08-07 18:48:38', '2014-08-07 18:48:38'),
(174, 60, '10', '2014-08-07 18:48:41', '2014-08-07 18:48:41'),
(175, 60, '12', '2014-08-07 18:48:43', '2014-08-07 18:48:43'),
(176, 61, '14', '2014-08-07 18:49:00', '2014-08-07 18:49:00'),
(177, 61, '16', '2014-08-07 18:49:04', '2014-08-07 18:49:04'),
(178, 62, '2', '2014-08-07 18:49:29', '2014-08-07 18:49:29'),
(179, 62, '4', '2014-08-07 18:49:35', '2014-08-07 18:49:35'),
(180, 62, '6', '2014-08-07 18:49:37', '2014-08-07 18:49:37'),
(181, 62, '8', '2014-08-07 18:49:39', '2014-08-07 18:49:39'),
(182, 63, '10', '2014-08-07 18:49:51', '2014-08-07 18:49:51'),
(183, 63, '12', '2014-08-07 18:49:54', '2014-08-07 18:49:54'),
(184, 63, '14', '2014-08-07 18:49:56', '2014-08-07 18:49:56'),
(185, 63, '16', '2014-08-07 18:49:59', '2014-08-07 18:49:59'),
(186, 64, 'S', '2014-08-07 18:50:13', '2014-08-07 18:50:13'),
(187, 64, 'M', '2014-08-07 18:50:16', '2014-08-07 18:50:16'),
(188, 64, 'L', '2014-08-07 18:50:20', '2014-08-07 18:50:20'),
(189, 65, '2', '2014-08-07 18:51:28', '2014-08-07 18:51:28'),
(190, 65, '4', '2014-08-07 18:51:30', '2014-08-07 18:51:30'),
(191, 65, '6', '2014-08-07 18:51:33', '2014-08-07 18:51:33'),
(192, 65, '8', '2014-08-07 18:51:35', '2014-08-07 18:51:35'),
(193, 66, '10', '2014-08-07 18:51:51', '2014-08-07 18:51:51'),
(194, 66, '12', '2014-08-07 18:51:53', '2014-08-07 18:51:53'),
(195, 66, '14', '2014-08-07 18:51:56', '2014-08-07 18:51:56'),
(196, 66, '16', '2014-08-07 18:51:58', '2014-08-07 18:51:58'),
(197, 67, '2', '2014-08-07 18:52:46', '2014-08-07 18:52:46'),
(198, 67, '4', '2014-08-07 18:52:47', '2014-08-07 18:52:47'),
(199, 67, '6', '2014-08-07 18:52:50', '2014-08-07 18:52:50'),
(200, 68, '8', '2014-08-07 18:53:00', '2014-08-07 18:53:00'),
(201, 68, '10', '2014-08-07 18:53:03', '2014-08-07 18:53:03'),
(202, 68, '12', '2014-08-07 18:53:05', '2014-08-07 18:53:05'),
(203, 69, '14', '2014-08-07 18:53:32', '2014-08-07 18:53:32'),
(204, 69, '16', '2014-08-07 18:53:33', '2014-08-07 18:53:33'),
(205, 71, '2', '2014-08-07 18:54:25', '2014-08-07 18:54:25'),
(206, 71, '4', '2014-08-07 18:54:27', '2014-08-07 18:54:27'),
(207, 71, '6', '2014-08-07 18:54:29', '2014-08-07 18:54:29'),
(208, 70, '8', '2014-08-07 18:54:41', '2014-08-07 18:54:41'),
(209, 70, '10', '2014-08-07 18:54:43', '2014-08-07 18:54:43'),
(210, 70, '12', '2014-08-07 18:54:46', '2014-08-07 18:54:46'),
(211, 72, '14', '2014-08-07 18:55:00', '2014-08-07 18:55:00'),
(212, 72, '16', '2014-08-07 18:55:03', '2014-08-07 18:55:03'),
(213, 73, '8', '2014-08-07 18:55:28', '2014-08-07 18:56:54'),
(214, 73, '12', '2014-08-07 18:55:30', '2014-08-07 18:57:16'),
(215, 73, '10', '2014-08-07 18:55:33', '2014-08-07 18:57:02'),
(216, 74, '2', '2014-08-07 18:56:36', '2014-08-07 18:56:36'),
(217, 74, '4', '2014-08-07 18:56:38', '2014-08-07 18:56:38'),
(218, 74, '6', '2014-08-07 18:56:41', '2014-08-07 18:56:41'),
(219, 75, '14', '2014-08-07 18:57:31', '2014-08-07 18:57:31'),
(220, 75, '16', '2014-08-07 18:57:34', '2014-08-07 18:57:34'),
(221, 76, '2', '2014-08-07 18:58:32', '2014-08-07 18:58:32'),
(222, 76, '4', '2014-08-07 18:58:34', '2014-08-07 18:58:34'),
(223, 76, '6', '2014-08-07 18:58:36', '2014-08-07 18:58:36'),
(224, 76, '8', '2014-08-07 18:58:38', '2014-08-07 18:58:38'),
(225, 77, '10', '2014-08-07 18:58:52', '2014-08-07 18:58:52'),
(226, 77, '12', '2014-08-07 18:58:54', '2014-08-07 18:58:54'),
(227, 77, '14', '2014-08-07 18:58:59', '2014-08-07 18:58:59'),
(228, 77, '16', '2014-08-07 18:59:02', '2014-08-07 18:59:02'),
(229, 78, '2', '2014-08-07 18:59:23', '2014-08-07 18:59:23'),
(230, 78, '4', '2014-08-07 18:59:25', '2014-08-07 18:59:25'),
(231, 78, '6', '2014-08-07 18:59:27', '2014-08-07 18:59:27'),
(232, 78, '8', '2014-08-07 18:59:30', '2014-08-07 18:59:30'),
(233, 79, '10', '2014-08-07 18:59:52', '2014-08-07 18:59:52'),
(234, 79, '12', '2014-08-07 18:59:55', '2014-08-07 18:59:55'),
(235, 79, '14', '2014-08-07 18:59:58', '2014-08-07 18:59:58'),
(236, 80, '16', '2014-08-07 19:00:11', '2014-08-07 19:00:11'),
(237, 80, '18', '2014-08-07 19:00:14', '2014-08-07 19:00:14'),
(238, 80, '20', '2014-08-07 19:00:18', '2014-08-07 19:00:18'),
(239, 81, '8', '2014-08-07 19:00:51', '2014-08-07 19:00:51'),
(240, 81, '10', '2014-08-07 19:00:54', '2014-08-07 19:00:54'),
(241, 81, '12', '2014-08-07 19:00:56', '2014-08-07 19:00:56'),
(242, 81, '14', '2014-08-07 19:00:59', '2014-08-07 19:00:59'),
(243, 81, '16', '2014-08-07 19:01:02', '2014-08-07 19:01:02'),
(244, 82, 'SS', '2014-08-07 19:01:21', '2014-08-07 19:01:21'),
(245, 82, 'S', '2014-08-07 19:01:24', '2014-08-07 19:01:24'),
(246, 82, 'M', '2014-08-07 19:01:28', '2014-08-07 19:01:28'),
(247, 82, 'L', '2014-08-07 19:01:38', '2014-08-07 19:01:38'),
(248, 34, '12', '2014-08-19 16:33:43', '2014-08-19 16:33:43'),
(249, 34, '14', '2014-08-19 16:33:50', '2014-08-19 16:33:50'),
(250, 34, '16', '2014-08-19 16:33:59', '2014-08-19 16:33:59');

-- --------------------------------------------------------

--
-- Estructura de tabla para la tabla `users`
--

CREATE TABLE IF NOT EXISTS `users` (
  `id` int(255) NOT NULL AUTO_INCREMENT,
  `perfil_id` int(255) NOT NULL,
  `estatus_id` int(255) NOT NULL,
  `name` text COLLATE utf8_spanish2_ci NOT NULL,
  `username` varchar(255) COLLATE utf8_spanish2_ci NOT NULL,
  `password` varchar(100) COLLATE utf8_spanish2_ci NOT NULL,
  `email` varchar(255) COLLATE utf8_spanish2_ci NOT NULL,
  `created` datetime NOT NULL,
  `updated` timestamp NOT NULL DEFAULT CURRENT_TIMESTAMP ON UPDATE CURRENT_TIMESTAMP,
  PRIMARY KEY (`id`),
  KEY `perfil_id` (`perfil_id`),
  KEY `estatus_id` (`estatus_id`)
) ENGINE=MyISAM  DEFAULT CHARSET=utf8 COLLATE=utf8_spanish2_ci AUTO_INCREMENT=6 ;

--
-- Volcado de datos para la tabla `users`
--

INSERT INTO `users` (`id`, `perfil_id`, `estatus_id`, `name`, `username`, `password`, `email`, `created`, `updated`) VALUES
(1, 1, 1, 'Ramón Serrano', 'RamEduard', 's3klBI9L0n1wd6SSVhtYkSZiQDSk0lcqSwKxFpCY2LZxDolCRIPPt6Qy1l51xxGa5kIPhaboFM2hYGkFd4CQhA==', 'ramon.calle.88@gmail.com', '2014-02-22 22:31:00', '2014-07-29 04:35:54'),
(5, 2, 1, 'Tania Serrano', 'admin', 'nhDr7OyKlXQju+Ge/WKGrPQ9lPBSUFfpK+B1xqx/+8zLZqRNX0+5G1zBQklXUFy86lCpkAofsExlXiorUcKSNQ==', 'ramon.calle.88@gmail.com', '2014-06-14 16:03:50', '2015-03-27 01:58:56');

/*!40101 SET CHARACTER_SET_CLIENT=@OLD_CHARACTER_SET_CLIENT */;
/*!40101 SET CHARACTER_SET_RESULTS=@OLD_CHARACTER_SET_RESULTS */;
/*!40101 SET COLLATION_CONNECTION=@OLD_COLLATION_CONNECTION */;
